source_id;step_distance;community;in_degree;betweenness;eigenvector;pagerank
Beyer2021_TeachingIn;2;0;1;45.25;0.14285714285714296;0.0023549706671774657
Civil1980_Leslimites;3;1;3;0.0;0.2857142857142858;0.00254161727796082
Civil1985_Surleslivr;3;2;4;0.0;0.7142857142857144;0.002721784994922212
George0000_InSearchOf;2;3;14;376.25;0.5714285714285714;0.0037822777274946584
Hecker1993_Schultexte;3;4;2;0.0;0.14285714285714282;0.0024764858956677132
Kramer1949_Schooldays;1;5;7;0.0;1.0;0.0032421886202304378
Larsen1976_TheOldAssy;3;6;2;0.0;0.14285714285714285;0.0024196878241578954
Michel2008_Ecrireetco;3;7;2;0.0;0.14285714285714282;0.0024764858956677132
Proust2007_Tablettesm;3;8;2;0.0;0.14285714285714282;0.0024764858956677132
Robson2001_TheTabletH;2;5;9;802.1666666666665;0.1428571428571429;0.0031416313811969353
Sjoberg1976_TheOldBaby;3;9;3;0.0;0.7142857142857141;0.0026001372829127308
Stone1987_NippurNeig;1;10;6;0.0;0.857142857142857;0.002899434470786505
Tinney1998_TextsTable;3;11;4;0.0;0.8571428571428571;0.0026084705936960206
Tinney1999_OntheCurri;3;12;6;0.0;0.8571428571428573;0.0027627755022604917
Veldhuis1997_Elementary;3;5;10;0.0;0.2857142857142857;0.003238482125972792
Veldhuis2004_ReligionLi;3;5;3;0.0;0.14285714285714288;0.0026013517532364537
Volk2000_Edubbaaund;3;13;4;0.0;0.8571428571428571;0.0026084705936960206
Cammarosano2014_TheCuneifo;2;14;3;551.1666666666667;0.14285714285714282;0.0026053263454330145
Alster1997_Proverbsof;3;5;6;0.0;0.7142857142857145;0.0030832967117081314
Boehmer1972_DieKleinfu;1;15;1;0.0;0.14285714285714288;0.0023513539347070826
Boehmer1979_DieKleinfu;1;16;1;0.0;0.14285714285714288;0.0023513539347070826
Collon2001_Catalogueo;3;17;2;0.0;0.14285714285714285;0.0028379447827450084
Deimel1922_DieBedeutu;1;18;1;0.0;0.14285714285714288;0.0023513539347070826
Driver1976_SemiticWri;3;19;2;0.0;0.14285714285714285;0.0023634539406217465
Falkenstein1936_Archaische;1;20;1;0.0;0.14285714285714288;0.0023513539347070826
Farber-Flugge1973_DerMythosI;3;5;2;0.0;0.14285714285714285;0.0024811114941838625
Gasche1989_LaBabyloni;1;5;9;0.0;0.857142857142857;0.0031755148805060747
Howard1955_TechnicalD;3;21;2;0.0;0.14285714285714285;0.0023634539406217465
Klengel-Brandt1975_EineSchrei;3;22;3;0.0;0.2857142857142856;0.0027027966458177638
Langdon1924_Excavation;1;23;1;0.0;0.14285714285714288;0.0023513539347070826
Landsberger1967_TheDatePal;1;24;1;0.0;0.14285714285714288;0.0023513539347070826
Livingstone2007_Ashurbanip;3;25;2;0.0;0.14285714285714285;0.0023634539406217465
Loud1938_KhorsabadP;3;26;2;0.0;0.14285714285714285;0.0023634539406217465
Macginnis2002_TheUseOfWr;2;27;2;78.33333333333334;0.14285714285714285;0.002508925156455308
Meijer2004_AScribalQu;3;28;2;0.0;0.14285714285714285;0.0023634539406217465
Veldhuis2013_PurityAndA;3;29;2;39.0;0.28571428571428575;0.0024128685845298064
Postgate1980_PalmtreesR;1;30;1;0.0;0.14285714285714288;0.0023513539347070826
Postgate1986_MiddleAssy;1;31;4;0.0;0.28571428571428553;0.0027148966517324276
Postgate1987_BM118796;1;32;1;0.0;0.14285714285714288;0.0023513539347070826
Powell1981_ThreeProbl;3;5;3;0.0;0.14285714285714282;0.0024932115000985268
Reade1986_Archaeolog;3;33;2;0.0;0.14285714285714285;0.0023634539406217465
Saggs1981_TheReedSty;3;34;2;0.0;0.14285714285714285;0.0023634539406217465
Nicolo1948_HabendieBa;3;35;2;0.0;0.28571428571428553;0.002545225424069538
Schaeffer1951_Reprisedes;1;36;1;0.0;0.14285714285714288;0.0023513539347070826
Stol1998_Einigekurz;3;37;4;0.0;0.28571428571428553;0.0027148966517324276
Symington1991_LateBronze;3;5;4;0.0;0.28571428571428564;0.0027912677090973868
Taylor2011_TabletsasA;1;5;2;0.0;0.14285714285714285;0.0024262140651744556
George2005_PerAsperaA;3;38;3;0.0;0.28571428571428575;0.0024853833944246707
Soldt1991_Studiesint;3;39;2;0.0;0.14285714285714285;0.0024184699137467965
Waal2011_TheyWroteo;3;5;2;0.0;0.14285714285714285;0.0024398249979867056
Wiseman1955_AssyrianWr;3;5;5;0.0;0.4285714285714285;0.002839238856262642
Yon2006_TheCityofU;1;40;3;0.0;0.1428571428571428;0.003391651609822649
Charpin2014_TheHistori;2;41;0;0.0;-0.0;0.0022898392848843584
Al-Rawi2000_OldBabylon;1;42;2;0.0;2.5817907336888026e-17;0.0023531593800661726
Birot1953_Troistexte;3;41;2;0.0;3.2501760307169616e-20;0.002392279463418659
Unknown2003_AncientArc;3;43;2;0.0;2.5817907336888026e-17;0.0023531593800661726
Charpin1984_Nouveauxdo;3;44;2;0.0;2.5817907336888026e-17;0.0023531593800661726
Charpin1986_Transmissi;3;45;3;0.0;1.9617805170553086e-17;0.002455599558600473
Charpin1987_Nouveauxdo;3;46;2;0.0;2.5817907336888026e-17;0.0023531593800661726
Charpin1989_Unquartier;3;47;2;0.0;0.1428571428571429;0.002406190756444616
Charpin1990_Unquartier;3;48;2;0.0;0.5714285714285715;0.0024647107613965263
Charpin2000_Lespreteur;3;49;2;0.0;2.5817907336888026e-17;0.0023531593800661726
Charpin2000_Lettresetp;3;50;2;0.0;2.5817907336888026e-17;0.0023531593800661726
Charpin2006_Lesinscrip;3;51;2;0.0;2.5817907336888026e-17;0.0023531593800661726
Charpin2007_Chroniques;3;52;2;0.0;0.0;0.002550876878443473
Charpin2008_Lireetecri;3;5;4;0.0;6.681943089592203e-18;0.00266939234161329
Charpin2010_WritingLaw;3;53;2;0.0;2.5817907336888026e-17;0.0023531593800661726
Charpin2010_ReadingAnd;2;5;2;421.50000000000006;3.2501760307169616e-20;0.00246270708616099
Adams1969_BedouinOnN;3;5;21;0.0;0.285714285714286;0.004833519029088189
Durand1997_Lesdocumen;3;54;2;0.0;2.5817907336888026e-17;0.0023531593800661726
Durand2000_Lesdocumen;3;55;2;0.0;2.5817907336888026e-17;0.0023531593800661726
Faivre1995_Lerecyclag;3;56;3;0.0;0.14285714285714293;0.0024182907623592795
Unknown1995_Lesphenome;3;57;3;0.0;1.9617805170553086e-17;0.002455599558600473
Jursa2005_NeoBabylon;3;58;2;0.0;2.5817907336888026e-17;0.0023531593800661726
Kessler1997_Dasspatalt;1;59;1;0.0;1.6250880153584808e-20;0.0023410593741515083
Pedersen1998_Zudenaltba;3;60;2;0.0;0.0;0.002644857726918384
Pedersen2005_Archiveund;3;5;4;0.0;0.2857142857142857;0.003080057998841878
Roth1995_LawCollect;3;61;2;0.0;2.5817907336888026e-17;0.0023531593800661726
Sasson1982_Accounting;3;62;2;0.0;2.5817907336888026e-17;0.0023531593800661726
Seri2005_LocalPower;3;63;2;0.0;0.0;0.002550876878443473
Skaist1994_TheOldBaby;3;64;2;0.0;2.5817907336888026e-17;0.0023531593800661726
Stone2002_TheUrIIIOl;1;65;1;0.0;1.6250880153584808e-20;0.0023410593741515083
Suurmeijer2006_LoansandEd;3;66;2;0.0;2.5817907336888026e-17;0.0023531593800661726
Tanret2004_TheWorksAn;2;67;2;55.5;2.5817907336888026e-17;0.0023531593800661726
Tanret2008_FindtheTab;3;5;5;0.0;4.3799418120697586e-18;0.002639784560553275
Lerberghe2003_Privateand;3;68;3;0.0;1.1236841409384063e-17;0.0025611575216891174
Lerberghe1991_OnQuasiHul;3;69;2;0.0;2.5817907336888026e-17;0.0023531593800661726
Unknown1986_CuneiformA;3;5;4;0.0;0.0;0.002544070621880096
Ziegler1999_Florilegiu;3;70;2;0.0;2.5817907336888026e-17;0.0023531593800661726
Delnero2010_SumerianEx;2;71;1;20.0;1.6250880153584808e-20;0.00241148699689384
Cavigneaux1996_UrukAltbab;3;72;2;0.0;0.14285714285714302;0.002440377498317456
Charpin1986_LeclergedU;3;5;5;0.0;0.7142857142857143;0.0027383258408231127
Civil1979_Materialsf;3;5;2;0.0;1.6522524563198133e-17;0.002537443065370324
Civil1994_TheFarmers;3;5;3;0.0;2.259216211306682e-17;0.0025326152567284525
Cooper1983_TheCurseof;3;5;3;0.0;6.31752641698216e-18;0.0026259141286499466
Delnero2006_Variationi;3;73;2;0.0;1.6445829415706286e-17;0.0024441441934488295
Falkenstein1953_Diebabylon;1;74;3;0.0;0.7142857142857143;0.0026510533700710263
Falkenstein1959_Sumerische;1;75;1;0.0;1.0192534413046167e-17;0.0023752461160243487
Falkowitz1984_RoundOldBa;3;76;3;0.0;3.317947902909535e-18;0.002747942546215705
Gesche2000_Schulunter;3;77;3;0.0;0.14285714285714296;0.0025580354673207647
Kramer1951_TheSumeria;1;78;1;0.0;1.0192534413046167e-17;0.0023752461160243487
Robson1999_Mesopotami;3;79;4;0.0;0.14285714285714293;0.002582673585960637
Robson2002_MorethanMe;3;80;2;0.0;0.14285714285714302;0.002440377498317456
Sjoberg1975_TheOldBaby;3;5;3;0.0;0.14285714285714293;0.0026895989321719838
Tanret2002_Perasperaa;3;5;6;0.0;4.834309127281506e-17;0.0028448225169894668
Tinney1996_TheNippurL;3;81;2;0.0;1.6522524563198133e-17;0.0024968938280338303
Vanstiphout1978_LipitEstar;3;5;2;0.0;1.6522524563198133e-17;0.0024637171793039717
Vanstiphout1979_HowDidThey;3;5;5;0.0;0.1428571428571429;0.002852210353254276
Veldhuis2000_KassiteExe;2;82;5;109.41666666666667;0.0;0.004646327748199268
Veldhuis2003_OnTheCurri;3;5;3;0.0;1.0215627305794653e-17;0.0024305986417646063
Arnaud2007_Corpusdest;3;83;3;0.0;1.9617805170553086e-17;0.002508081226421001
Beckman1983_Mesopotami;3;5;3;0.0;1.9617805170553086e-17;0.00251582537784866
Pearce1995_TheScribes;2;84;3;541.25;0.14285714285714293;0.002506096629674394
George2003_TheBabylon;3;5;3;0.0;7.824203366952691e-17;0.0025027630323728412
Fleming2000_TimeatEmar;3;5;2;0.0;2.5817907336888026e-17;0.0024516595517337686
Frame2005_TheRoyalLi;2;85;4;70.16666666666666;0.0;0.002595290711147246
Dijk1989_Einspatalt;3;86;2;0.0;0.5714285714285713;0.002571061893877602
Ebeling1949_Neubabylon;3;87;2;0.0;0.14285714285714282;0.00264128199599504
Fincke2004_TheBabylon;3;88;3;0.0;7.824203366952691e-17;0.0029461013605851746
George1986_Sennacheri;3;89;2;0.0;5.955747786694632e-18;0.002459510512547248
Hunger1968_Babylonisc;1;5;4;0.0;4.587980215346957e-17;0.002605203210907142
Lieberman1990_Canonicala;3;5;3;0.0;7.824203366952691e-17;0.0025027630323728412
Postgate1992_Treesandti;1;90;1;0.0;3.860843184661195e-17;0.002447410506632584
Villard1997_Leducation;3;91;2;0.0;5.955747786694632e-18;0.002459510512547248
Gadotti2017_TheRulesOf;2;92;0;0.0;-0.0;0.0022898392848843584
Civil1964_AHymntothe;3;5;2;0.0;3.2501760307169616e-20;0.002499958060173463
Civil1998_BilingualT;3;93;2;0.0;2.5817907336888026e-17;0.002423587002808504
Civil2006_TheSongoft;3;94;2;0.0;0.0;0.0026213045011858043
Michalowski2013_FromTheCol;2;95;2;72.0;0.0;0.0027152853496607153
Gibson1998_NippurBArc;1;96;1;0.0;1.6250880153584808e-20;0.00241148699689384
Sladek1974_InannasDes;3;97;2;0.0;0.0;0.0027152853496607153
Steinkeller1989_SaleDocume;3;98;2;0.0;2.5817907336888026e-17;0.002423587002808504
Vanstiphout1997_SchoolDial;3;79;4;0.0;1.222389608529835e-17;0.002622681161961502
Wilcke1969_DasLugalba;3;5;2;0.0;3.2501760307169616e-20;0.0025736839462398155
Garcia0000_Transmissi;2;99;0;0.0;-0.0;0.0022898392848843584
Beckman1996_HittiteDip;3;100;2;0.0;2.5817907336888026e-17;0.002440965247381287
Cohen2004_KidinGulaT;3;5;3;0.0;1.9617805170553086e-17;0.0025906855083160335
Kessler2014_NeueTontaf;1;101;1;0.0;1.6250880153584808e-20;0.002428865241466623
Moran1992_TheAmarnaL;3;5;3;0.0;1.9617805170553086e-17;0.0025906855083160335
Roche-Hawley2013_ScribesHou;3;102;2;0.0;3.2501760307169616e-20;0.002495981220506337
Soldt2000_PrivateArc;3;103;2;0.0;3.2501760307169616e-20;0.002495981220506337
Wiggermann2008_ABabylonia;3;5;2;0.0;3.2501760307169616e-20;0.0025785855024013696
Yon1997_LacitedOug;1;104;1;0.0;1.6250880153584808e-20;0.002428865241466623
Cavigneaux1982_Schultexte;3;105;2;0.0;0.5714285714285715;0.0024255906780440402
Civil1979_EaAnaquAaA;3;106;2;0.0;0.7142857142857143;0.0024786220544224837
Gadd1956_TeachersAn;3;107;2;0.0;0.7142857142857142;0.0025656465389310356
Jacobsen1953_ReviewofUr;1;108;1;0.0;0.5714285714285712;0.0024134906721293764
Kraus1973_Vommesopot;3;109;2;0.0;0.5714285714285715;0.0024255906780440402
Lambert1957_AncestorsA;3;5;3;0.0;0.5714285714285715;0.0024688431978696335
Landsberger1958_ScribalCon;1;110;1;0.0;0.5714285714285712;0.0024134906721293764
Ludwig1990_Untersuchu;3;5;3;0.0;0.5714285714285714;0.0025761020932116682
Tanret1982_Lestablett;3;111;2;0.0;0.7142857142857143;0.0024786220544224837
Volk1996_Methodenal;3;112;5;0.0;0.7142857142857142;0.002677278106764937
Waetzoldt1986_Keilschrif;3;113;2;0.0;0.5714285714285715;0.0024255906780440402
Waetzoldt1989_DerSchreib;3;114;2;0.0;0.5714285714285716;0.0024823887495538572
Woolley1930_Excavation;1;115;1;0.0;0.5714285714285712;0.0024134906721293764
Gilibert2021_UrbanSquar;2;5;0;0.0;-0.0;0.0022898392848843584
Litke1998_AReconstru;3;5;3;0.0;0.0;0.0028229505660369233
Margueron1977_RasShamra1;1;116;1;0.0;1.6250880153584808e-20;0.0023569552639240727
Margueron1982_Architectu;1;117;1;0.0;1.6250880153584808e-20;0.0023569552639240727
Margueron1995_Lepalaisro;1;118;1;0.0;1.6250880153584808e-20;0.0023569552639240727
Margueron2013_Citesinvis;1;119;1;0.0;1.6250880153584808e-20;0.0023569552639240727
Otto2006_AlltagundG;1;120;1;0.0;1.6250880153584808e-20;0.0023569552639240727
Otto2012_Archaeolog;1;121;1;0.0;1.6250880153584808e-20;0.0023569552639240727
Otto2013_Gotteshaus;1;122;1;0.0;1.6250880153584808e-20;0.0023569552639240727
Otto2014_TheOrganis;1;123;1;0.0;1.6250880153584808e-20;0.0023569552639240727
Rey2009_LePalaisNo;1;124;1;0.0;1.6250880153584808e-20;0.0023569552639240727
Schaeffer1931_Lesfouille;1;125;1;0.0;1.6250880153584808e-20;0.0023569552639240727
Schaeffer1933_Lesfouille;1;126;1;0.0;1.6250880153584808e-20;0.0023569552639240727
Schaeffer1937_Lesfouille;1;127;1;0.0;1.6250880153584808e-20;0.0023569552639240727
Schaeffer1938_Lesfouille;1;128;1;0.0;1.6250880153584808e-20;0.0023569552639240727
Schaeffer1949_UgariticaI;1;129;1;0.0;1.6250880153584808e-20;0.0023569552639240727
Schaeffer1956_UgariticaI;1;130;1;0.0;1.6250880153584808e-20;0.0023569552639240727
Schaeffer1962_UgariticaI;1;131;1;0.0;1.6250880153584808e-20;0.0023569552639240727
Yon1991_Lesstelesd;1;132;1;0.0;1.6250880153584808e-20;0.0023569552639240727
Yon1992_UgaritTheU;1;133;2;0.0;3.2501760307169616e-20;0.003330136959999925
Yon1997_LhabitataO;1;134;1;0.0;1.6250880153584808e-20;0.0023569552639240727
Hasselbach-Andee2020_Multilingu;2;135;1;4.0;6.223195059083425e-18;0.0023019392907990227
Krebernik1998_DieTexteau;3;5;3;0.0;0.0;0.0029984108767712606
Clemens2002_ReviewedWo;3;136;2;0.0;1.7559882505392818e-17;0.0027911013900938147
Taylor2002_Bilinguali;1;137;1;0.0;0.0;0.002779001384179151
Vanstiphout1999_TheTwinTon;3;5;3;0.0;0.0;0.0029208589495705946
Brown2000_Mesopotami;3;5;4;0.0;0.14285714285714282;0.0026415034785213717
Hunger1968_Assyrische;1;138;1;0.0;0.14285714285714282;0.0024837107742468143
Jursa1999_DasArchivd;3;139;2;0.0;0.1428571428571428;0.0024958107801614777
Parpola1983_AssyrianLi;3;5;5;0.0;0.1428571428571428;0.0027299745418009947
Matthews1991_FragmentsO;2;140;0;0.0;-0.0;0.0022898392848843584
Hansen1973_AlHiba1970;1;141;1;0.0;1.6250880153584808e-20;0.0024667814114436044
Heinrich1931_FaraErgebn;1;142;1;0.0;1.6250880153584808e-20;0.0024667814114436044
Jacobsen1957_EarlyPolit;1;143;1;0.0;1.6250880153584808e-20;0.0024667814114436044
Margueron1982_Recherches;1;144;2;0.0;2.5817907336888026e-17;0.0024788814173582682
Moorey1978_KishExcava;3;5;2;0.0;3.2501760307169616e-20;0.0025100339312691977
Pomponio1983_Archivesan;3;145;2;0.0;2.5817907336888026e-17;0.0024788814173582682
Postgate1980_Excavation;1;146;1;0.0;1.6250880153584808e-20;0.0024667814114436044
Postgate1990_Excavation;1;147;1;0.0;1.6250880153584808e-20;0.0024667814114436044
Safar1981_Eridu;1;148;1;0.0;1.6250880153584808e-20;0.0024667814114436044
Schmidt1931_Excavation;1;149;1;0.0;1.6250880153584808e-20;0.0024667814114436044
Michalowski2012_LiteracySc;2;150;2;151.25;2.5817907336888026e-17;0.002431696850275803
Krecher1966_Sumerische;3;5;2;0.0;5.85909536259005e-18;0.002520934311654815
Landsberger1955_Remarksont;1;151;1;0.0;1.2426512434507854e-17;0.0023587373623088397
Lion2005_Quelqueste;3;152;2;0.0;3.937324922263168e-17;0.002370837368223503
Michalowski1987_Charismaan;3;5;2;0.0;5.85909536259005e-18;0.002520934311654815
Michalowski2006_TheLivesof;3;153;2;0.0;3.937324922263168e-17;0.002370837368223503
Cecile2009_LesFemmesE;3;154;3;0.0;5.860064659485342e-17;0.002473277546757804
Rubio2006_Sulgiandth;3;155;2;0.0;3.937324922263168e-17;0.002370837368223503
Scheil1902_Unesaisond;1;156;1;0.0;1.2426512434507854e-17;0.0023587373623088397
Tinney2011_TabletsofS;3;157;2;0.0;0.0;0.002568554866600804
Veenhof2008_TheOldAssy;3;158;2;0.0;3.937324922263168e-17;0.002370837368223503
Woods2006_Bilinguali;3;159;2;0.0;3.937324922263168e-17;0.002370837368223503
Charpin1990_Lesdivinit;3;160;2;0.0;0.0;0.002511756795090987
Civil1989_TheTextsfr;3;5;3;0.0;0.0;0.0026614770560257333
Cohen1976_LiteraryTe;3;5;2;0.0;0.0;0.002661853738522298
Hall1985_AStudyofth;1;161;1;0.0;0.0;0.0024996567891763227
Sjoberg1960_DerMondgot;3;5;2;0.0;0.0;0.002661853738522298
Sjoberg1972_HeIsaGoodS;3;5;2;0.0;0.0;0.002661853738522298
Michel2018_Constituti;2;162;0;0.0;-0.0;0.0022898392848843584
Archi2003_ArchivalRe;3;163;2;0.0;2.5817907336888026e-17;0.0024043794693333225
Charpin1985_Lesarchive;3;5;3;0.0;1.9327352626693114e-17;0.0024164794752479864
Clancier2009_Lesbibliot;3;5;3;0.0;0.28571428571428564;0.003119178082194364
Grayson1987_AssyrianRu;3;164;2;0.0;2.5817907336888026e-17;0.0024043794693333225
Michel2001_Correspond;3;165;2;0.0;2.5817907336888026e-17;0.0024043794693333225
Michel2003_OldAssyria;3;5;2;0.0;3.2501760307169616e-20;0.002435531983244252
Michel2008_Lacorrespo;3;166;2;0.0;2.5817907336888026e-17;0.0024043794693333225
Michel2015_OldAssyria;3;5;2;0.0;3.2501760307169616e-20;0.0024807505266982817
Parpola1986_TheRoyalAr;3;5;3;0.0;1.9617805170553086e-17;0.0024928505326129455
Pedersen1998_Archivesan;3;5;4;0.0;0.0;0.0027514303419257915
Postgate1973_TheGoverno;1;167;1;0.0;1.6250880153584808e-20;0.002392279463418659
Veenhof1987_DyingTable;3;168;2;0.0;2.5817907336888026e-17;0.0024043794693333225
Veenhof2003_Archivesof;3;169;2;0.0;2.5817907336888026e-17;0.0024043794693333225
Dalley1976_TheOldBaby;3;5;3;0.0;0.14285714285714288;0.0025289552880680554
Kramer1959_HistoryBeg;1;5;2;0.0;0.14285714285714285;0.0025717527111627984
Landsberger1954_Babylonian;1;170;1;0.0;0.1428571428571429;0.002441995151686018
Landsberger1960_ScribalCon;1;171;2;0.0;0.1428571428571428;0.002454095157600682
Oppenheim1964_AncientMes;3;5;3;0.0;0.14285714285714285;0.002593855757399194
Otten1988_DieBronzet;3;172;2;0.0;0.1428571428571428;0.002454095157600682
Streck1916_Assurbanip;3;173;2;0.0;0.1428571428571428;0.002454095157600682
Pickworth2005_Excavation;2;174;0;0.0;-0.0;0.0022898392848843584
Thompson1929_ACenturyof;1;5;2;0.0;3.2501760307169616e-20;0.002851290263389658
Wiggermann1992_Mesopotami;3;5;2;0.0;0.0;0.0029161907327207967
Reckling0000_TheArchaeo;2;175;0;0.0;-0.0;0.0022898392848843584
Robson2000_Mathematic;2;79;2;42.25;1.7804258481301867e-17;0.002450749773713261
Gibson1973_Excavation;1;79;2;0.0;3.658788610717043e-17;0.0025502314483413922
Gordon1959_SumerianPr;3;79;3;0.0;0.14285714285714296;0.002788965101672858
Hilprecht1903_DieAusgrab;1;79;1;0.0;1.8293943053585214e-17;0.0024200353666128755
Hilprecht1906_Mathematic;1;79;1;0.0;1.8293943053585214e-17;0.0024200353666128755
Hilprecht1908_TheSoCalle;1;79;1;0.0;1.8293943053585214e-17;0.0024200353666128755
McCown1967_NippurITem;3;79;2;0.0;0.1428571428571429;0.002485166748905983
Nissen1993_ArchaicBoo;3;79;2;0.0;1.1803388343390303e-17;0.0024321353725275394
Peters1897_NippurorEx;1;79;1;0.0;1.8293943053585214e-17;0.0024200353666128755
Peters1905_TheNippurL;1;79;1;0.0;1.8293943053585214e-17;0.0024200353666128755
Black1998_TheElectro;3;5;3;0.0;0.14285714285714285;0.0028084892808790873
Cavigneaux1999_AScholarsL;3;176;2;0.0;0.14285714285714285;0.0023670706730921295
Dekiere1994_Lagenealog;3;5;2;0.0;0.1428571428571429;0.002452288836785051
Gasche1998_DatingtheF;1;177;1;0.0;0.14285714285714296;0.0023549706671774657
Gasche1991_Aproposdel;1;178;1;0.0;0.14285714285714296;0.0023549706671774657
Gibson2001_NippurBArc;1;179;1;0.0;0.14285714285714296;0.0023549706671774657
Janssen1992_Inannamans;3;5;5;0.0;0.14285714285714296;0.002653695853579232
Janssen1996_WhentheHou;3;5;3;0.0;0.14285714285714293;0.0024643888426997148
Janssen1994_Duchantier;3;5;5;0.0;0.142857142857143;0.0027592538166678763
Postgate1990_Archaeolog;1;180;1;0.0;0.14285714285714296;0.0023549706671774657
Tanret1993_Ritualsand;3;5;4;0.0;0.14285714285714302;0.002641595847664568
Lerberghe1991_SipparAmna;3;5;2;0.0;0.1428571428571429;0.002452288836785051
Veldhuis1997_ReviewofCa;3;181;2;0.0;0.14285714285714285;0.0023670706730921295
Veldhuis2000_ReviewSume;3;5;4;0.0;0.14285714285714288;0.0026829690317736682
Wilcke2000_Werlasunds;3;182;3;0.0;0.14285714285714302;0.0024847286420954383
Robson2011_EmpiricalS;2;5;0;0.0;-0.0;0.0022898392848843584
Fincke2004_TheBritish;3;5;2;0.0;3.2501760307169616e-20;0.002435531983244252
Hunger1992_Astrologic;1;5;1;0.0;1.6250880153584808e-20;0.002392279463418659
Jean2006_Lamagieneo;1;5;1;0.0;1.6250880153584808e-20;0.002392279463418659
Jeyes1997_Assurbanip;3;5;2;0.0;2.5817907336888026e-17;0.0024043794693333225
Koch2005_SecretsofE;3;5;2;0.0;2.5817907336888026e-17;0.0024043794693333225
Lambert2007_Babylonian;3;5;2;0.0;2.5817907336888026e-17;0.0024043794693333225
Leichty1970_TheOmenSer;3;5;2;0.0;2.5817907336888026e-17;0.0024043794693333225
Maul1994_Zukunftsbe;3;5;2;0.0;2.5817907336888026e-17;0.0024043794693333225
Maul2003_OminaundOr;3;5;2;0.0;2.5817907336888026e-17;0.0024043794693333225
Oppenheim1977_AncientMes;3;5;3;0.0;0.0;0.0025860433984118804
Parpola1993_Lettersfro;3;5;2;0.0;2.5817907336888026e-17;0.0024043794693333225
Robson2008_Mesopotami;3;5;2;0.0;3.2501760307169616e-20;0.002435531983244252
Rochberg2004_TheHeavenl;3;5;2;0.0;3.2501760307169616e-20;0.002435531983244252
Robson2012_TheProduct;2;5;0;0.0;-0.0;0.0022898392848843584
Al-Rawi1990_TabletsFro;1;5;8;0.0;0.0;0.0026051620263090264
Beaulieu2006_TheAstrono;3;5;2;0.0;2.5817907336888026e-17;0.0023451918106246156
Cavigneaux1981_Textesscol;3;5;3;0.0;0.0;0.002648990163391491
Dijk1980_Texteausde;3;5;2;0.0;2.5817907336888026e-17;0.0023451918106246156
Edzard1997_GudeaandHi;3;5;2;0.0;0.0;0.002472852404508464
Freedman2006_IfaCityIsS;3;5;2;0.0;2.5817907336888026e-17;0.0023451918106246156
Gesche2001_Schulunter;3;5;3;0.0;0.2857142857142857;0.0030288379095747275
Gurney1957_TheSultant;3;5;2;0.0;3.2501760307169616e-20;0.0024079519351773255
Hunger1976_Spatbabylo;1;5;2;0.0;2.5817907336888026e-17;0.0023451918106246156
Hunger2001_Astronomic;1;5;1;0.0;1.6250880153584808e-20;0.002333091804709952
Maul2003_WiedieBibl;3;5;2;0.0;2.5817907336888026e-17;0.0023451918106246156
Maul2010_DieTontafe;3;5;2;0.0;3.2501760307169616e-20;0.002421562867989575
Pedersen1985_Archivesan;3;5;3;0.0;1.9617805170553086e-17;0.0024949120715593623
Robson2008_Mathematic;3;5;4;0.0;0.0;0.0025344988215041326
Rochberg1984_Canonicity;3;5;2;0.0;2.5817907336888026e-17;0.0023451918106246156
Weiher1982_Spatbabylo;1;5;1;0.0;1.6250880153584808e-20;0.002333091804709952
Weiher1988_Spatbabylo;1;5;1;0.0;1.6250880153584808e-20;0.002333091804709952
Weiher1993_Spatbabylo;1;5;1;0.0;1.6250880153584808e-20;0.002333091804709952
Weiher1998_Spatbabylo;1;5;1;0.0;1.6250880153584808e-20;0.002333091804709952
Wiseman1996_LiteraryTe;3;5;3;0.0;1.9617805170553086e-17;0.002420051941091989
Anbar1975_Textesdele;3;183;2;0.0;1.677917612627616e-17;0.002419597259802331
Klengel1994_RichterSip;3;184;2;0.0;1.677917612627616e-17;0.002419597259802331
Lion2001_DameInanna;3;185;2;0.0;1.677917612627616e-17;0.002419597259802331
Gasche1993_Outilsbibl;1;186;1;0.0;4.3827636353450015e-18;0.002407497253887667
Tanret2001_AsYearsWen;3;5;5;0.0;0.0;0.0027062224402894333
Tanret2004_Verbavolan;3;5;4;0.0;1.8317653116528052e-18;0.0026941224343747694
Tanret2012_LearnedRic;2;5;1;102.0;1.6250880153584808e-20;0.0023871574544919436
Barberon2005_Quandlamer;3;5;3;0.0;1.6703283783016743e-17;0.0025764644653714606
Bourdieu1970_Lareproduc;3;5;2;0.0;1.382721725437151e-17;0.0024791462957638754
Charpin1988_Sippardeux;3;5;2;0.0;1.382721725437151e-17;0.0024791462957638754
Meyer1982_Deuxpriere;3;5;3;0.0;1.6703283783016743e-17;0.0025764644653714606
Meyer1989_LedieuNins;3;5;3;0.0;1.6703283783016743e-17;0.0025764644653714606
Meyer1989_Unelettred;3;5;3;0.0;1.6703283783016743e-17;0.0025764644653714606
Janssen1991_Eiltampata;3;5;3;0.0;1.6703283783016743e-17;0.0025764644653714606
Janssen1993_Debrievenv;3;5;2;0.0;1.382721725437151e-17;0.0024791462957638754
Tinney1998_ScribalEdu;2;5;0;0.0;-0.0;0.0022898392848843584
Civil1975_Lexicograp;3;5;3;0.0;1.9617805170553086e-17;0.002626333189490973
Hilprecht1903_Exploratio;1;5;2;0.0;3.2501760307169616e-20;0.002526896364697707
Kramer1977_TheUrExcav;1;5;1;0.0;1.6250880153584808e-20;0.002452036234230334
Tsouparopoulou0000_HiddenMess;2;5;1;36.0;6.223195059083425e-18;0.0023019392907990227
Banks1912_Bismyaorth;1;5;1;0.0;0.0;0.0024295998846828705
Sarzec1884_Decouverte;1;5;1;0.0;0.0;0.0024295998846828705
Hansen1970_AlHiba1968;1;5;1;0.0;0.0;0.0024295998846828705
Hansen1992_RoyalBuild;1;5;1;0.0;0.0;0.0024295998846828705
Parrot1948_TelloVingt;1;5;1;0.0;0.0;0.0024295998846828705
Pearce2010_Materialso;3;5;2;0.0;0.0;0.0025180709479624935
Schaudig2003_Nabonidder;3;5;2;0.0;2.447418176684029e-18;0.0024416998905975344
Woolley1926_TheExcavat;1;5;1;0.0;0.0;0.0024295998846828705
Woolley1939_TheZiggura;1;5;1;0.0;0.0;0.0024295998846828705
Woolley1962_TheNeoBaby;1;5;1;0.0;0.0;0.0024295998846828705
Woolley1974_TheBuildin;1;5;1;0.0;0.0;0.0024295998846828705
Koldewey1908_AusdenBeri;1;187;1;0.0;0.0;0.0025936376376512337
Veldhuis2002_StudiesInS;2;5;0;0.0;-0.0;0.0022898392848843584
Cohen1988_TheCanonic;3;5;2;0.0;2.5817907336888026e-17;0.002464136240144998
Jacobsen2000_Ningiszida;1;5;1;0.0;1.6250880153584808e-20;0.002452036234230334
Landsberger1934_DieFaunade;1;5;1;0.0;1.6250880153584808e-20;0.002452036234230334
Veldhuis2006_HowDidThey;2;5;1;15.5;6.223195059083425e-18;0.0023019392907990227
Biggs1974_Inscriptio;3;5;2;0.0;0.0;0.0025152108305193602
Englund1998_Textsfromt;3;5;3;0.0;0.0;0.002582208265443431
Gelb1991_EarliestLa;3;5;3;0.0;0.0;0.0025409217692462737
Green1981_TheConstru;3;5;3;0.0;0.0;0.002582208265443431
Green1987_Zeichenlis;3;5;2;0.0;0.0;0.002570108259528767
Michalowski1994_Writingand;3;5;2;0.0;3.589245126475874e-18;0.0024524507059666507
Hilprecht2004_ModelTexts;1;5;1;0.0;0.0;0.002440350700051987
Veldhuis2012_PrestigeDi;2;5;0;0.0;-0.0;0.0022898392848843584
Kramer1948_Fragmentso;1;5;1;0.0;1.6250880153584808e-20;0.002439559545819105
Lenzi2008_Secrecyand;3;5;2;0.0;2.5817907336888026e-17;0.0024516595517337686
Mieroop2007_AHistoryof;3;5;2;0.0;3.2501760307169616e-20;0.002528030609098728
Yushu2010_TheSumeria;2;5;0;0.0;-0.0;0.0022898392848843584
Jacobsen1939_TheSumeria;1;5;1;0.0;1.6250880153584808e-20;0.0024195968443611387
Jacobsen1987_TheHarpsTh;1;5;1;0.0;1.6250880153584808e-20;0.0024195968443611387
Kramer1952_Enmerkaran;1;5;1;0.0;1.6250880153584808e-20;0.0024195968443611387
George2008_Approaches;3;5;2;0.0;2.5817907336888026e-17;0.002431696850275803
Steinkeller2004_TheFunctio;3;5;2;0.0;3.2501760307169616e-20;0.0025080679076407617
Vanstiphout1989_EnmerkarsI;3;5;2;0.0;2.5817907336888026e-17;0.002431696850275803
Al-Jadir1998_Decouverte;1;188;1;0.0;6.223195059083425e-18;0.0023019392907990227
Baker2003_RecordKeep;1;189;1;0.0;6.223195059083425e-18;0.0023019392907990227
Bezold1889_Catalogueo;3;5;2;0.0;2.5817907336888026e-17;0.0023767994212663957
Charpin2004_Histoirepo;3;5;2;0.0;2.5817907336888026e-17;0.002399257460406608
Eidem2002_TheClayThe;3;5;2;0.0;2.5817907336888026e-17;0.0023767994212663957
Gasche2006_Lieudensei;1;190;1;0.0;6.223195059083425e-18;0.0023019392907990227
Hilprecht1910_TheEarlies;1;191;1;0.0;6.223195059083425e-18;0.0023019392907990227
Janssen1991_Samsuiluna;3;5;2;0.0;2.5817907336888026e-17;0.002399257460406608
Kessler1980_Untersuchu;1;192;1;0.0;6.223195059083425e-18;0.0023019392907990227
Lambert1989_TheLawsofH;3;5;2;0.0;2.5817907336888026e-17;0.0023904103540786452
Landsberger1937_DieSeriean;1;193;1;0.0;6.223195059083425e-18;0.0023019392907990227
Margueron1986_Quelquesre;1;194;1;0.0;6.223195059083425e-18;0.0023019392907990227
Margueron1995_Notesdarch;1;195;1;0.0;6.223195059083425e-18;0.0023019392907990227
Oppenheim1960_TheCityofA;3;5;2;0.0;2.5817907336888026e-17;0.0023767994212663957
Parrot1954_Lesfouille;1;196;1;0.0;6.223195059083425e-18;0.0023019392907990227
Postgate1976_FiftyNeoAs;1;197;1;0.0;6.223195059083425e-18;0.0023019392907990227
Postgate1986_Administra;1;198;1;0.0;6.223195059083425e-18;0.0023019392907990227
Postgate2003_Documentsi;1;199;1;0.0;6.223195059083425e-18;0.0023019392907990227
Reiner1960_PlagueAmul;3;5;2;0.0;2.5817907336888026e-17;0.0023904103540786452
Sallaberger1999_Wenndumein;3;5;2;0.0;2.5817907336888026e-17;0.002399257460406608
Scheil1937_Auserviced;1;200;1;0.0;6.223195059083425e-18;0.0023019392907990227
Weiher1983_Spatbabylo;1;201;1;0.0;6.223195059083425e-18;0.0023019392907990227
Michalowski2021_TheyWroteo;2;5;0;0.0;-0.0;0.0022898392848843584
Postgate2001_SystemandS;1;5;1;0.0;1.6250880153584808e-20;0.0023783103481639814
Rey2020_ASeleucidC;1;5;1;0.0;1.6250880153584808e-20;0.0023783103481639814
Taylor2015_ASystemati;1;202;0;0.0;-0.0;0.0022898392848843584
Hall1951_Evaluation;1;202;1;0.0;1.6250880153584808e-20;0.003263020980960211
Ross1958_Treatmento;1;202;1;0.0;1.6250880153584808e-20;0.003263020980960211
Janssen2018_AddressBeh;2;5;0;0.0;-0.0;0.0022898392848843584
Landsberger1915_Derkultisc;1;5;1;0.0;1.6250880153584808e-20;0.0023871574544919436
Tanret2011_LearnedRic;2;5;0;0.0;-0.0;0.0022898392848843584
Nan2024_TheRoleand;2;5;0;0.0;-0.0;0.0022898392848843584
Husain2007_TheUnitedS;1;5;1;0.0;1.6250880153584808e-20;0.003263020980960211
Reade2016_TheManufac;2;5;0;0.0;-0.0;0.0022898392848843584
Thompson1933_TheBritish;1;5;1;0.0;1.6250880153584808e-20;0.002364699415351732
Crawford1966_Processing;1;5;1;0.0;1.6250880153584808e-20;0.002364699415351732
Gibson1972_TheArchaeo;1;5;1;0.0;1.6250880153584808e-20;0.002364699415351732
Hall1930_ASeasonsWo;1;5;1;0.0;1.6250880153584808e-20;0.002364699415351732
Hunger1970_DasArchivd;1;5;1;0.0;1.6250880153584808e-20;0.002364699415351732
Layard1849_Ninevehand;1;5;1;0.0;1.6250880153584808e-20;0.002364699415351732
Layard1853_Discoverie;1;5;1;0.0;1.6250880153584808e-20;0.002364699415351732
Loftus1857_Travelsand;1;5;1;0.0;1.6250880153584808e-20;0.002364699415351732
Parrot1953_Archeologi;1;5;1;0.0;1.6250880153584808e-20;0.002364699415351732
Rassam1897_Asshurandt;1;5;1;0.0;1.6250880153584808e-20;0.002364699415351732
Woolley1937_DiggingUpt;1;5;1;0.0;1.6250880153584808e-20;0.002364699415351732
